--disable-local-storage,--enable-skia-benchmarking,--dom-automation,--disable-speech-synthesis-api,--variations-server-url,--enable-low-end-device-mode,--enable-gpu-benchmarking,--disable-scroll-to-text-fragment,--enable-network-information-downlink-max,--disable-file-system
--variations-server-url,--mangle-localized-strings,--disable-field-trial-config,--override-use-software-gl-for-tests,--enable-skia-benchmarking,--enable-experimental-web-platform-features,--disable-webgl,--enable-gpu-benchmarking,--disable-local-storage,--shared-array-buffer-unrestricted-access-allowed
--dom-automation,--disable-field-trial-config,--user-agent,--override-use-software-gl-for-tests,--disable-webgl,--ignore-gpu-blocklist,--enable-stats-collection-bindings,--disable-3d-apis,--shared-array-buffer-unrestricted-access-allowed,--variations-server-url
--mangle-localized-strings,--disable-threaded-compositing,--disable-shared-workers,--enable-webgl-image-chromium,--disable-remote-playback-api,--user-agent,--touch-events,--disable-local-storage,--enable-nacl,--variations-server-url
--enable-webgl-image-chromium,--mangle-localized-strings,--disable-web-security,--enable-nacl,--enable-skia-benchmarking,--touch-events,--enable-blink-test-features,--user-agent,--disable-local-storage,--enable-gpu-benchmarking
--disable-3d-apis,--disable-shared-workers,--enable-precise-memory-info,--enable-blink-test-features,--disable-notifications,--enable-webgl-image-chromium,--ignore-gpu-blocklist,--disable-local-storage,--enable-skia-benchmarking,--enable-low-end-device-mode
--disable-remote-playback-api,--web-sql-access,--dom-automation,--disable-speech-synthesis-api,--enable-nacl,--enable-stats-collection-bindings,--user-agent,--shared-array-buffer-unrestricted-access-allowed,--disable-local-storage,--disable-software-rasterizer
--disable-notifications,--disable-3d-apis,--disable-speech-api,--enable-webgl-developer-extensions,--user-agent,--web-sql-access,--dom-automation,--mangle-localized-strings,--enable-gpu-benchmarking,--disable-file-system
--disable-speech-synthesis-api,--disable-local-storage,--enable-webgl-developer-extensions,--disable-webgl,--disable-notifications,--disable-software-rasterizer,--variations-server-url,--disable-file-system,--enable-low-end-device-mode,--enable-nacl
--disable-permissions-api,--disable-javascript-harmony-shipping,--disable-web-security,--disable-webgl,--enable-nacl,--enable-blink-test-features,--enable-gpu-benchmarking,--disable-local-storage,--enable-skia-benchmarking,--dom-automation
--disable-web-security,--override-use-software-gl-for-tests,--enable-webgl-image-chromium,--disable-permissions-api,--touch-events,--instant-process,--disable-speech-api,--dom-automation,--disable-javascript-harmony-shipping,--variations-server-url,--disable-shared-workers,--enable-blink-test-features,--use-gpu-in-tests,--disable-threaded-compositing,--enable-experimental-webassembly-features,--disable-webgl,--enable-stats-collection-bindings,--disable-scroll-to-text-fragment,--disable-remote-playback-api,--shared-array-buffer-unrestricted-access-allowed
--disable-javascript-harmony-shipping,--use-gpu-in-tests,--enable-network-information-downlink-max,--disable-software-rasterizer,--touch-events,--override-use-software-gl-for-tests,--enable-webgl-developer-extensions,--disable-threaded-compositing,--enable-net-benchmarking,--disable-speech-synthesis-api,--user-agent,--disable-shared-workers,--enable-stats-collection-bindings,--disable-web-security,--enable-experimental-web-platform-features,--enable-nacl,--disable-scroll-to-text-fragment,--disable-speech-api,--disable-webgl,--variations-server-url
--enable-experimental-webassembly-features,--ignore-gpu-blocklist,--web-sql-access,--disable-file-system,--enable-nacl,--enable-precise-memory-info,--enable-benchmarking,--disable-speech-synthesis-api,--enable-net-benchmarking,--disable-3d-apis,--disable-threaded-compositing,--enable-blink-test-features,--enable-network-information-downlink-max,--variations-server-url,--override-use-software-gl-for-tests,--enable-experimental-web-platform-features,--enable-stats-collection-bindings,--disable-shared-workers,--disable-scroll-to-text-fragment,--disable-webgl
--enable-benchmarking,--enable-stats-collection-bindings,--disable-remote-playback-api,--use-gpu-in-tests,--enable-webgl-image-chromium,--enable-experimental-webassembly-features,--disable-speech-api,--instant-process,--ignore-gpu-blocklist,--disable-scroll-to-text-fragment,--enable-nacl,--enable-low-end-device-mode,--mangle-localized-strings,--user-agent,--disable-local-storage,--disable-software-rasterizer,--dom-automation,--variations-server-url,--enable-precise-memory-info,--disable-3d-apis
--enable-net-benchmarking,--disable-speech-api,--use-gpu-in-tests,--disable-scroll-to-text-fragment,--enable-low-end-device-mode,--web-sql-access,--user-agent,--disable-notifications,--variations-server-url,--mangle-localized-strings,--disable-speech-synthesis-api,--disable-local-storage,--disable-remote-playback-api,--disable-permissions-api,--enable-stats-collection-bindings,--disable-file-system,--disable-web-security,--enable-experimental-webassembly-features,--disable-field-trial-config,--enable-network-information-downlink-max
--enable-benchmarking,--enable-nacl,--disable-scroll-to-text-fragment,--enable-webgl-developer-extensions,--ignore-gpu-blocklist,--use-gpu-in-tests,--disable-3d-apis,--enable-experimental-web-platform-features,--disable-speech-api,--enable-skia-benchmarking,--enable-network-information-downlink-max,--shared-array-buffer-unrestricted-access-allowed,--mangle-localized-strings,--instant-process,--enable-precise-memory-info,--disable-speech-synthesis-api,--enable-stats-collection-bindings,--disable-permissions-api,--disable-javascript-harmony-shipping,--disable-remote-playback-api
--enable-experimental-web-platform-features,--shared-array-buffer-unrestricted-access-allowed,--enable-webgl-developer-extensions,--enable-low-end-device-mode,--instant-process,--disable-remote-playback-api,--enable-skia-benchmarking,--disable-3d-apis,--enable-precise-memory-info,--enable-gpu-benchmarking,--disable-shared-workers,--disable-javascript-harmony-shipping,--web-sql-access,--disable-file-system,--enable-nacl,--disable-web-security,--enable-benchmarking,--enable-experimental-webassembly-features,--dom-automation,--ignore-gpu-blocklist
--enable-webgl-developer-extensions,--disable-speech-synthesis-api,--disable-webgl,--enable-skia-benchmarking,--disable-web-security,--enable-experimental-webassembly-features,--enable-precise-memory-info,--enable-network-information-downlink-max,--dom-automation,--disable-notifications,--disable-scroll-to-text-fragment,--instant-process,--disable-threaded-compositing,--touch-events,--user-agent,--enable-nacl,--enable-benchmarking,--enable-stats-collection-bindings,--enable-experimental-web-platform-features,--disable-permissions-api
--disable-threaded-compositing,--enable-benchmarking,--disable-file-system,--enable-net-benchmarking,--disable-field-trial-config,--enable-experimental-webassembly-features,--variations-server-url,--override-use-software-gl-for-tests,--instant-process,--disable-permissions-api,--disable-web-security,--disable-shared-workers,--enable-webgl-image-chromium,--ignore-gpu-blocklist,--disable-software-rasterizer,--enable-webgl-developer-extensions,--enable-experimental-web-platform-features,--disable-speech-synthesis-api,--dom-automation,--disable-javascript-harmony-shipping
--disable-scroll-to-text-fragment,--user-agent,--enable-experimental-web-platform-features,--touch-events,--disable-javascript-harmony-shipping,--disable-3d-apis,--disable-speech-api,--ignore-gpu-blocklist,--enable-precise-memory-info,--use-gpu-in-tests,--enable-blink-test-features,--mangle-localized-strings,--disable-permissions-api,--disable-web-security,--enable-skia-benchmarking,--enable-network-information-downlink-max,--enable-net-benchmarking,--disable-shared-workers,--disable-field-trial-config,--enable-webgl-image-chromium
--disable-webgl,--enable-low-end-device-mode,--touch-events,--enable-skia-benchmarking,--disable-threaded-compositing,--dom-automation,--shared-array-buffer-unrestricted-access-allowed,--enable-network-information-downlink-max,--disable-file-system,--enable-webgl-developer-extensions,--disable-shared-workers,--enable-webgl-image-chromium,--enable-precise-memory-info,--override-use-software-gl-for-tests,--instant-process,--disable-speech-synthesis-api,--enable-experimental-webassembly-features,--mangle-localized-strings,--disable-notifications,--enable-stats-collection-bindings,--disable-scroll-to-text-fragment,--enable-experimental-web-platform-features,--disable-field-trial-config,--ignore-gpu-blocklist,--disable-remote-playback-api,--enable-net-benchmarking,--variations-server-url,--disable-javascript-harmony-shipping,--disable-speech-api,--disable-software-rasterizer
--use-gpu-in-tests,--user-agent,--disable-threaded-compositing,--disable-3d-apis,--disable-shared-workers,--disable-permissions-api,--enable-blink-test-features,--enable-low-end-device-mode,--enable-webgl-image-chromium,--instant-process,--touch-events,--web-sql-access,--dom-automation,--enable-net-benchmarking,--disable-file-system,--disable-software-rasterizer,--ignore-gpu-blocklist,--enable-nacl,--enable-benchmarking,--shared-array-buffer-unrestricted-access-allowed,--enable-skia-benchmarking,--enable-network-information-downlink-max,--enable-stats-collection-bindings,--disable-field-trial-config,--enable-experimental-web-platform-features,--mangle-localized-strings,--disable-notifications,--disable-web-security,--disable-javascript-harmony-shipping,--override-use-software-gl-for-tests
--enable-stats-collection-bindings,--enable-benchmarking,--disable-3d-apis,--instant-process,--disable-speech-synthesis-api,--enable-low-end-device-mode,--disable-javascript-harmony-shipping,--enable-webgl-developer-extensions,--dom-automation,--mangle-localized-strings,--enable-blink-test-features,--enable-experimental-webassembly-features,--disable-shared-workers,--disable-permissions-api,--user-agent,--enable-gpu-benchmarking,--web-sql-access,--ignore-gpu-blocklist,--disable-threaded-compositing,--disable-notifications,--touch-events,--disable-scroll-to-text-fragment,--use-gpu-in-tests,--disable-remote-playback-api,--disable-file-system,--disable-software-rasterizer,--enable-net-benchmarking,--disable-speech-api,--enable-network-information-downlink-max,--enable-webgl-image-chromium
--disable-local-storage,--disable-software-rasterizer,--enable-skia-benchmarking,--shared-array-buffer-unrestricted-access-allowed,--disable-web-security,--web-sql-access,--disable-shared-workers,--enable-webgl-developer-extensions,--disable-speech-synthesis-api,--disable-notifications,--disable-scroll-to-text-fragment,--enable-gpu-benchmarking,--disable-threaded-compositing,--enable-net-benchmarking,--enable-benchmarking,--enable-experimental-webassembly-features,--variations-server-url,--enable-precise-memory-info,--instant-process,--enable-low-end-device-mode,--disable-field-trial-config,--override-use-software-gl-for-tests,--enable-blink-test-features,--enable-stats-collection-bindings,--ignore-gpu-blocklist,--enable-experimental-web-platform-features,--enable-webgl-image-chromium,--disable-javascript-harmony-shipping,--use-gpu-in-tests,--disable-permissions-api
--enable-webgl-image-chromium,--disable-permissions-api,--enable-net-benchmarking,--disable-software-rasterizer,--enable-low-end-device-mode,--enable-nacl,--disable-3d-apis,--disable-javascript-harmony-shipping,--disable-file-system,--enable-webgl-developer-extensions,--enable-precise-memory-info,--enable-blink-test-features,--disable-speech-api,--disable-scroll-to-text-fragment,--disable-notifications,--disable-shared-workers,--instant-process,--disable-field-trial-config,--enable-gpu-benchmarking,--ignore-gpu-blocklist,--web-sql-access,--touch-events,--use-gpu-in-tests,--enable-benchmarking,--enable-skia-benchmarking,--enable-network-information-downlink-max,--disable-speech-synthesis-api,--shared-array-buffer-unrestricted-access-allowed,--enable-experimental-webassembly-features,--override-use-software-gl-for-tests
--disable-remote-playback-api,--user-agent,--enable-experimental-webassembly-features,--disable-field-trial-config,--enable-blink-test-features,--enable-net-benchmarking,--disable-notifications,--shared-array-buffer-unrestricted-access-allowed,--web-sql-access,--touch-events,--enable-gpu-benchmarking,--enable-benchmarking,--enable-precise-memory-info,--mangle-localized-strings,--disable-threaded-compositing,--instant-process,--use-gpu-in-tests,--enable-experimental-web-platform-features,--enable-nacl,--ignore-gpu-blocklist,--enable-low-end-device-mode,--disable-speech-api,--disable-software-rasterizer,--override-use-software-gl-for-tests,--disable-speech-synthesis-api,--disable-3d-apis,--disable-web-security,--enable-webgl-developer-extensions,--disable-local-storage,--disable-webgl
--enable-blink-test-features,--disable-3d-apis,--disable-field-trial-config,--enable-webgl-image-chromium,--enable-experimental-webassembly-features,--disable-software-rasterizer,--override-use-software-gl-for-tests,--use-gpu-in-tests,--enable-precise-memory-info,--instant-process,--disable-speech-api,--enable-benchmarking,--disable-file-system,--enable-gpu-benchmarking,--disable-permissions-api,--enable-experimental-web-platform-features,--disable-threaded-compositing,--enable-skia-benchmarking,--touch-events,--variations-server-url,--enable-net-benchmarking,--disable-webgl,--dom-automation,--disable-web-security,--disable-notifications,--enable-low-end-device-mode,--web-sql-access,--disable-remote-playback-api,--disable-javascript-harmony-shipping,--enable-stats-collection-bindings
--enable-benchmarking,--enable-webgl-image-chromium,--ignore-gpu-blocklist,--shared-array-buffer-unrestricted-access-allowed,--touch-events,--disable-threaded-compositing,--disable-javascript-harmony-shipping,--enable-experimental-webassembly-features,--override-use-software-gl-for-tests,--disable-3d-apis,--disable-permissions-api,--mangle-localized-strings,--enable-webgl-developer-extensions,--disable-field-trial-config,--disable-shared-workers,--enable-experimental-web-platform-features,--disable-speech-api,--disable-notifications,--enable-network-information-downlink-max,--enable-net-benchmarking,--web-sql-access,--disable-remote-playback-api,--disable-local-storage,--disable-webgl,--enable-skia-benchmarking,--disable-file-system,--enable-precise-memory-info,--enable-gpu-benchmarking,--use-gpu-in-tests,--enable-stats-collection-bindings
--disable-notifications,--disable-permissions-api,--use-gpu-in-tests,--disable-webgl,--override-use-software-gl-for-tests,--enable-webgl-developer-extensions,--disable-threaded-compositing,--disable-file-system,--enable-gpu-benchmarking,--enable-net-benchmarking,--disable-remote-playback-api,--touch-events,--disable-speech-api,--user-agent,--disable-software-rasterizer,--enable-experimental-web-platform-features,--disable-speech-synthesis-api,--enable-low-end-device-mode,--enable-blink-test-features,--web-sql-access,--disable-field-trial-config,--dom-automation,--disable-local-storage,--instant-process,--enable-precise-memory-info,--enable-benchmarking,--variations-server-url,--shared-array-buffer-unrestricted-access-allowed,--disable-javascript-harmony-shipping,--enable-network-information-downlink-max
--override-use-software-gl-for-tests,--enable-precise-memory-info,--disable-speech-api,--web-sql-access,--use-gpu-in-tests,--disable-remote-playback-api,--disable-field-trial-config,--disable-software-rasterizer,--disable-shared-workers,--disable-threaded-compositing,--user-agent,--disable-local-storage,--enable-gpu-benchmarking,--shared-array-buffer-unrestricted-access-allowed,--instant-process,--touch-events,--mangle-localized-strings,--enable-experimental-webassembly-features,--enable-blink-test-features,--disable-3d-apis,--disable-scroll-to-text-fragment,--enable-net-benchmarking,--enable-benchmarking,--enable-webgl-developer-extensions,--disable-permissions-api,--disable-webgl,--disable-notifications,--disable-web-security,--enable-webgl-image-chromium,--enable-network-information-downlink-max
--mangle-localized-strings,--disable-field-trial-config,--disable-threaded-compositing,--enable-blink-test-features,--enable-nacl,--disable-javascript-harmony-shipping,--user-agent,--enable-webgl-developer-extensions,--touch-events,--enable-skia-benchmarking,--shared-array-buffer-unrestricted-access-allowed,--disable-software-rasterizer,--disable-shared-workers,--ignore-gpu-blocklist,--enable-low-end-device-mode,--enable-stats-collection-bindings,--disable-permissions-api,--web-sql-access,--variations-server-url,--disable-speech-api,--enable-webgl-image-chromium,--enable-experimental-webassembly-features,--override-use-software-gl-for-tests,--disable-file-system,--disable-local-storage,--disable-scroll-to-text-fragment,--enable-gpu-benchmarking,--disable-web-security,--disable-speech-synthesis-api,--enable-network-information-downlink-max,--enable-net-benchmarking,--disable-3d-apis,--instant-process,--dom-automation,--enable-experimental-web-platform-features,--use-gpu-in-tests,--disable-webgl,--disable-notifications,--enable-precise-memory-info,--disable-remote-playback-api,--enable-benchmarking
