--enable-begin-frame-control,--enable-blink-test-features,--disable-speech-synthesis-api,--enable-gpu-benchmarking,--dom-automation,--disable-shared-workers,--shared-array-buffer-unrestricted-access-allowed,--disable-3d-apis,--touch-events
--user-agent,--lang,--disable-gpu-driver-bug-workarounds,--disable-notifications,--touch-events,--disable-origin-trial-controlled-blink-features,--enable-experimental-web-platform-features,--deterministic-mode,--disable-speech-synthesis-api
--disable-shared-workers,--disable-speech-api,--enable-experimental-webassembly-features,--disable-3d-apis,--dom-automation,--shared-array-buffer-unrestricted-access-allowed,--enable-experimental-web-platform-features,--user-agent,--disable-notifications
--enable-privacy-sandbox-ads-apis,--javascript-harmony,--disable-permissions-api,--enable-gpu-benchmarking,--enable-begin-frame-control,--enable-network-information-downlink-max,--shared-array-buffer-unrestricted-access-allowed,--disable-notifications,--touch-events
--enable-skia-benchmarking,--enable-privacy-sandbox-ads-apis,--disable-3d-apis,--lang,--disable-databases,--disable-local-storage,--enable-low-end-device-mode,--enable-network-information-downlink-max,--user-agent
--disable-gpu-driver-bug-workarounds,--enable-privacy-sandbox-ads-apis,--disable-speech-api,--disable-speech-synthesis-api,--disable-javascript-harmony-shipping,--disable-scroll-to-text-fragment,--enable-gpu-benchmarking,--enable-experimental-webassembly-features,--dom-automation
--enable-privacy-sandbox-ads-apis,--disable-speech-synthesis-api,--enable-network-information-downlink-max,--disable-gpu-driver-bug-workarounds,--disable-3d-apis,--disable-remote-playback-api,--disable-javascript-harmony-shipping,--user-agent,--disable-origin-trial-controlled-blink-features
--disable-origin-trial-controlled-blink-features,--disable-gpu-driver-bug-workarounds,--deterministic-mode,--disable-javascript-harmony-shipping,--enable-experimental-web-platform-features,--enable-blink-test-features,--shared-array-buffer-unrestricted-access-allowed,--enable-experimental-webassembly-features,--enable-begin-frame-control
--disable-remote-playback-api,--enable-begin-frame-control,--enable-skia-benchmarking,--disable-speech-synthesis-api,--dom-automation,--deterministic-mode,--disable-scroll-to-text-fragment,--enable-low-end-device-mode,--lang
--disable-shared-workers,--enable-begin-frame-control,--enable-experimental-webassembly-features,--enable-low-end-device-mode,--disable-speech-api,--disable-3d-apis,--use-first-party-set,--disable-webgl,--enable-experimental-web-platform-features
--javascript-harmony,--use-gl,--dom-automation,--enable-blink-test-features,--enable-experimental-web-platform-features,--disable-remote-playback-api,--disable-origin-trial-controlled-blink-features,--disable-local-storage,--enable-low-end-device-mode,--disable-databases,--enable-gpu-benchmarking,--disable-scroll-to-text-fragment,--disable-threaded-compositing,--use-first-party-set,--disable-file-system,--disable-speech-synthesis-api,--enable-network-information-downlink-max,--disable-notifications,--disable-3d-apis
--enable-precise-memory-info,--enable-low-end-device-mode,--user-agent,--disable-permissions-api,--disable-scroll-to-text-fragment,--disable-origin-trial-controlled-blink-features,--enable-experimental-webassembly-features,--disable-shared-workers,--enable-skia-benchmarking,--disable-speech-api,--touch-events,--enable-network-information-downlink-max,--disable-speech-synthesis-api,--enable-stats-collection-bindings,--enable-begin-frame-control,--disable-notifications,--disable-file-system,--enable-webgl-developer-extensions,--lang
--disable-local-storage,--disable-file-system,--enable-skia-benchmarking,--enable-privacy-sandbox-ads-apis,--disable-webgl,--disable-shared-workers,--enable-webgl-developer-extensions,--disable-javascript-harmony-shipping,--disable-gpu-driver-bug-workarounds,--disable-3d-apis,--disable-scroll-to-text-fragment,--lang,--disable-remote-playback-api,--enable-stats-collection-bindings,--enable-low-end-device-mode,--enable-experimental-webassembly-features,--user-agent,--deterministic-mode,--use-gl
--enable-privacy-sandbox-ads-apis,--enable-blink-test-features,--use-first-party-set,--touch-events,--javascript-harmony,--enable-gpu-benchmarking,--disable-shared-workers,--user-agent,--use-gl,--enable-precise-memory-info,--disable-file-system,--disable-gpu-driver-bug-workarounds,--enable-webgl-draft-extensions,--disable-webgl,--disable-javascript-harmony-shipping,--disable-origin-trial-controlled-blink-features,--disable-notifications,--enable-experimental-web-platform-features,--enable-experimental-webassembly-features
--disable-webgl,--user-agent,--use-first-party-set,--enable-begin-frame-control,--enable-skia-benchmarking,--disable-notifications,--enable-webgl-developer-extensions,--enable-blink-test-features,--disable-local-storage,--enable-low-end-device-mode,--enable-gpu-benchmarking,--disable-gpu-driver-bug-workarounds,--deterministic-mode,--disable-permissions-api,--disable-javascript-harmony-shipping,--enable-precise-memory-info,--disable-databases,--enable-stats-collection-bindings,--disable-speech-synthesis-api
--enable-network-information-downlink-max,--dom-automation,--use-gl,--disable-scroll-to-text-fragment,--disable-origin-trial-controlled-blink-features,--disable-javascript-harmony-shipping,--enable-precise-memory-info,--disable-threaded-compositing,--enable-gpu-benchmarking,--enable-low-end-device-mode,--lang,--disable-file-system,--disable-permissions-api,--disable-databases,--enable-stats-collection-bindings,--enable-blink-test-features,--enable-webgl-developer-extensions,--enable-experimental-webassembly-features,--touch-events
--enable-skia-benchmarking,--use-first-party-set,--dom-automation,--use-gl,--disable-speech-api,--disable-gpu-driver-bug-workarounds,--deterministic-mode,--enable-precise-memory-info,--user-agent,--enable-webgl-draft-extensions,--enable-network-information-downlink-max,--disable-remote-playback-api,--javascript-harmony,--disable-origin-trial-controlled-blink-features,--disable-notifications,--enable-stats-collection-bindings,--disable-threaded-compositing,--disable-local-storage,--touch-events
--enable-precise-memory-info,--use-gl,--javascript-harmony,--enable-stats-collection-bindings,--disable-webgl,--disable-speech-api,--enable-network-information-downlink-max,--disable-shared-workers,--disable-databases,--disable-local-storage,--disable-file-system,--use-first-party-set,--disable-threaded-compositing,--enable-skia-benchmarking,--enable-webgl-developer-extensions,--disable-origin-trial-controlled-blink-features,--dom-automation,--disable-javascript-harmony-shipping,--enable-webgl-draft-extensions
--enable-low-end-device-mode,--use-first-party-set,--disable-local-storage,--disable-threaded-compositing,--enable-experimental-web-platform-features,--disable-file-system,--enable-webgl-developer-extensions,--disable-gpu-driver-bug-workarounds,--enable-stats-collection-bindings,--disable-shared-workers,--lang,--shared-array-buffer-unrestricted-access-allowed,--disable-webgl,--enable-privacy-sandbox-ads-apis,--enable-precise-memory-info,--disable-permissions-api,--enable-webgl-draft-extensions,--disable-databases,--disable-3d-apis
--use-first-party-set,--disable-file-system,--disable-gpu-driver-bug-workarounds,--disable-threaded-compositing,--disable-local-storage,--enable-skia-benchmarking,--disable-speech-api,--enable-stats-collection-bindings,--enable-begin-frame-control,--deterministic-mode,--dom-automation,--disable-webgl,--disable-permissions-api,--enable-webgl-draft-extensions,--disable-scroll-to-text-fragment,--lang,--touch-events,--shared-array-buffer-unrestricted-access-allowed,--disable-remote-playback-api
--disable-origin-trial-controlled-blink-features,--enable-precise-memory-info,--enable-skia-benchmarking,--enable-low-end-device-mode,--touch-events,--enable-network-information-downlink-max,--shared-array-buffer-unrestricted-access-allowed,--enable-blink-test-features,--enable-webgl-developer-extensions,--user-agent,--use-gl,--disable-remote-playback-api,--enable-webgl-draft-extensions,--disable-shared-workers,--enable-privacy-sandbox-ads-apis,--javascript-harmony,--disable-databases,--disable-webgl,--enable-experimental-web-platform-features,--enable-stats-collection-bindings,--disable-scroll-to-text-fragment,--disable-file-system,--enable-begin-frame-control,--enable-gpu-benchmarking,--dom-automation,--disable-speech-synthesis-api,--disable-local-storage,--disable-gpu-driver-bug-workarounds
--enable-experimental-webassembly-features,--enable-precise-memory-info,--disable-3d-apis,--disable-gpu-driver-bug-workarounds,--lang,--enable-network-information-downlink-max,--disable-remote-playback-api,--disable-notifications,--enable-blink-test-features,--enable-webgl-developer-extensions,--javascript-harmony,--use-gl,--deterministic-mode,--disable-webgl,--enable-begin-frame-control,--shared-array-buffer-unrestricted-access-allowed,--disable-speech-api,--dom-automation,--user-agent,--enable-skia-benchmarking,--touch-events,--disable-threaded-compositing,--disable-scroll-to-text-fragment,--disable-databases,--enable-webgl-draft-extensions,--disable-javascript-harmony-shipping,--enable-experimental-web-platform-features,--enable-gpu-benchmarking
--enable-privacy-sandbox-ads-apis,--disable-remote-playback-api,--enable-skia-benchmarking,--enable-experimental-webassembly-features,--disable-speech-api,--disable-3d-apis,--enable-webgl-draft-extensions,--lang,--disable-file-system,--disable-shared-workers,--disable-databases,--shared-array-buffer-unrestricted-access-allowed,--disable-threaded-compositing,--touch-events,--enable-webgl-developer-extensions,--enable-low-end-device-mode,--enable-blink-test-features,--enable-network-information-downlink-max,--enable-stats-collection-bindings,--disable-speech-synthesis-api,--enable-precise-memory-info,--dom-automation,--disable-permissions-api,--use-gl,--javascript-harmony,--deterministic-mode,--enable-gpu-benchmarking,--use-first-party-set
--disable-scroll-to-text-fragment,--enable-skia-benchmarking,--enable-gpu-benchmarking,--disable-local-storage,--shared-array-buffer-unrestricted-access-allowed,--disable-speech-api,--disable-threaded-compositing,--disable-databases,--lang,--disable-shared-workers,--enable-privacy-sandbox-ads-apis,--disable-remote-playback-api,--javascript-harmony,--enable-stats-collection-bindings,--deterministic-mode,--enable-precise-memory-info,--disable-file-system,--disable-origin-trial-controlled-blink-features,--enable-experimental-web-platform-features,--enable-webgl-developer-extensions,--disable-speech-synthesis-api,--use-first-party-set,--enable-network-information-downlink-max,--user-agent,--disable-webgl,--enable-webgl-draft-extensions,--disable-permissions-api,--use-gl
--disable-remote-playback-api,--enable-webgl-draft-extensions,--enable-skia-benchmarking,--disable-scroll-to-text-fragment,--dom-automation,--disable-permissions-api,--touch-events,--disable-gpu-driver-bug-workarounds,--enable-experimental-web-platform-features,--javascript-harmony,--use-gl,--enable-webgl-developer-extensions,--disable-threaded-compositing,--enable-low-end-device-mode,--enable-blink-test-features,--disable-shared-workers,--disable-databases,--enable-stats-collection-bindings,--disable-javascript-harmony-shipping,--enable-begin-frame-control,--shared-array-buffer-unrestricted-access-allowed,--disable-3d-apis,--disable-webgl,--disable-notifications,--user-agent,--enable-experimental-webassembly-features,--disable-local-storage,--disable-file-system
--enable-webgl-developer-extensions,--enable-stats-collection-bindings,--disable-file-system,--disable-speech-api,--enable-experimental-webassembly-features,--disable-javascript-harmony-shipping,--disable-scroll-to-text-fragment,--enable-blink-test-features,--shared-array-buffer-unrestricted-access-allowed,--disable-notifications,--disable-threaded-compositing,--enable-low-end-device-mode,--dom-automation,--use-first-party-set,--enable-begin-frame-control,--disable-speech-synthesis-api,--enable-precise-memory-info,--disable-origin-trial-controlled-blink-features,--enable-gpu-benchmarking,--enable-privacy-sandbox-ads-apis,--disable-databases,--enable-webgl-draft-extensions,--use-gl,--javascript-harmony,--touch-events,--deterministic-mode,--disable-permissions-api,--disable-remote-playback-api
--disable-scroll-to-text-fragment,--disable-databases,--shared-array-buffer-unrestricted-access-allowed,--enable-gpu-benchmarking,--disable-speech-api,--enable-network-information-downlink-max,--disable-remote-playback-api,--enable-experimental-web-platform-features,--disable-threaded-compositing,--lang,--javascript-harmony,--use-first-party-set,--disable-gpu-driver-bug-workarounds,--enable-privacy-sandbox-ads-apis,--disable-notifications,--use-gl,--disable-shared-workers,--disable-javascript-harmony-shipping,--disable-permissions-api,--enable-webgl-draft-extensions,--enable-blink-test-features,--enable-begin-frame-control,--enable-experimental-webassembly-features,--disable-file-system,--disable-webgl,--user-agent,--disable-local-storage,--disable-speech-synthesis-api
--enable-precise-memory-info,--enable-experimental-webassembly-features,--enable-webgl-developer-extensions,--enable-stats-collection-bindings,--shared-array-buffer-unrestricted-access-allowed,--disable-scroll-to-text-fragment,--enable-begin-frame-control,--enable-low-end-device-mode,--enable-skia-benchmarking,--enable-gpu-benchmarking,--disable-databases,--disable-speech-synthesis-api,--enable-blink-test-features,--disable-origin-trial-controlled-blink-features,--lang,--enable-privacy-sandbox-ads-apis,--disable-javascript-harmony-shipping,--disable-permissions-api,--disable-notifications,--enable-webgl-draft-extensions,--user-agent,--deterministic-mode,--disable-remote-playback-api,--disable-webgl,--disable-3d-apis,--use-gl,--enable-network-information-downlink-max,--disable-speech-api
--enable-skia-benchmarking,--use-first-party-set,--enable-experimental-web-platform-features,--touch-events,--disable-speech-api,--enable-stats-collection-bindings,--enable-privacy-sandbox-ads-apis,--dom-automation,--enable-precise-memory-info,--enable-webgl-draft-extensions,--disable-permissions-api,--disable-shared-workers,--enable-webgl-developer-extensions,--enable-blink-test-features,--deterministic-mode,--disable-notifications,--disable-local-storage,--enable-low-end-device-mode,--disable-threaded-compositing,--disable-javascript-harmony-shipping,--javascript-harmony,--disable-speech-synthesis-api,--disable-remote-playback-api,--disable-webgl,--disable-file-system,--disable-3d-apis,--disable-origin-trial-controlled-blink-features,--lang
--lang,--enable-webgl-draft-extensions,--disable-scroll-to-text-fragment,--disable-permissions-api,--enable-experimental-webassembly-features,--disable-webgl,--enable-blink-test-features,--disable-threaded-compositing,--disable-speech-api,--disable-local-storage,--enable-begin-frame-control,--disable-javascript-harmony-shipping,--deterministic-mode,--enable-experimental-web-platform-features,--enable-webgl-developer-extensions,--javascript-harmony,--enable-network-information-downlink-max,--use-first-party-set,--enable-gpu-benchmarking,--disable-gpu-driver-bug-workarounds,--enable-privacy-sandbox-ads-apis,--disable-3d-apis,--disable-notifications,--disable-databases,--touch-events,--disable-shared-workers,--use-gl,--enable-precise-memory-info
--lang,--disable-local-storage,--disable-speech-synthesis-api,--user-agent,--dom-automation,--disable-scroll-to-text-fragment,--enable-webgl-draft-extensions,--disable-shared-workers,--disable-remote-playback-api,--enable-precise-memory-info,--enable-stats-collection-bindings,--disable-3d-apis,--enable-experimental-webassembly-features,--disable-databases,--use-gl,--disable-speech-api,--use-first-party-set,--disable-javascript-harmony-shipping,--enable-experimental-web-platform-features,--javascript-harmony,--disable-webgl,--enable-privacy-sandbox-ads-apis,--disable-file-system,--enable-begin-frame-control,--enable-webgl-developer-extensions,--enable-network-information-downlink-max,--shared-array-buffer-unrestricted-access-allowed,--disable-threaded-compositing,--disable-gpu-driver-bug-workarounds,--touch-events,--enable-blink-test-features,--enable-gpu-benchmarking,--enable-skia-benchmarking,--enable-low-end-device-mode,--disable-permissions-api,--disable-notifications,--disable-origin-trial-controlled-blink-features,--deterministic-mode
